{
    "metrics": {
        "http_reqs": {
            "count": 7116,
            "rate": 235.5188534314165
        },
        "vus": {
            "value": 50,
            "min": 50,
            "max": 50
        },
        "http_req_sending": {
            "med": 0.0223285,
            "max": 3.894627,
            "p(90)": 0.0582245,
            "p(95)": 0.091451,
            "avg": 0.03424581717256886,
            "min": 0.003595
        },
        "http_req_connecting": {
            "med": 0,
            "max": 30.482646,
            "p(90)": 0,
            "p(95)": 0,
            "avg": 0.1389877216132659,
            "min": 0
        },
        "http_req_waiting": {
            "p(95)": 17.225634499999998,
            "avg": 9.999265055789769,
            "min": 3.588699,
            "med": 8.117869500000001,
            "max": 138.658508,
            "p(90)": 13.805452500000001
        },
        "http_req_duration{expected_response:true}": {
            "p(95)": 17.552435000000003,
            "avg": 10.186642210089913,
            "min": 3.683714,
            "med": 8.295171,
            "max": 138.818925,
            "p(90)": 14.0282445
        },
        "http_req_duration": {
            "avg": 10.186642210089913,
            "min": 3.683714,
            "med": 8.295171,
            "max": 138.818925,
            "p(90)": 14.0282445,
            "p(95)": 17.552435000000003
        },
        "http_req_tls_handshaking": {
            "avg": 0,
            "min": 0,
            "med": 0,
            "max": 0,
            "p(90)": 0,
            "p(95)": 0
        },
        "checks": {
            "passes": 7115,
            "fails": 0,
            "value": 1
        },
        "http_req_receiving": {
            "min": 0.008651,
            "med": 0.0808315,
            "max": 10.999229,
            "p(90)": 0.235751,
            "p(95)": 0.41348475,
            "avg": 0.1531313371275997
        },
        "data_sent": {
            "count": 3294431,
            "rate": 109036.0612463343
        },
        "iteration_duration": {
            "avg": 211.31499645073802,
            "min": 204.365157,
            "med": 209.241897,
            "max": 340.442098,
            "p(90)": 215.096742,
            "p(95)": 219.0894123
        },
        "http_req_blocked": {
            "med": 0.007514,
            "max": 30.654607,
            "p(90)": 0.014099,
            "p(95)": 0.018842750000000002,
            "avg": 0.15108965177065806,
            "min": 0.00131
        },
        "vus_max": {
            "value": 50,
            "min": 50,
            "max": 50
        },
        "data_received": {
            "count": 3423193,
            "rate": 113297.70804306504
        },
        "iterations": {
            "count": 7115,
            "rate": 235.48575634689828
        },
        "http_req_failed": {
            "passes": 0,
            "fails": 7116,
            "value": 0
        }
    },
    "setup_data": {
        "token": "eyJhbGciOiJIUzI1NiIsInR5cCI6IkpXVCJ9.eyJodHRwOi8vc2NoZW1hcy5taWNyb3NvZnQuY29tL3dzLzIwMDgvMDYvaWRlbnRpdHkvY2xhaW1zL3JvbGUiOiJjb25zb2xpZGF0b3IiLCJodHRwOi8vc2NoZW1hcy54bWxzb2FwLm9yZy93cy8yMDA1LzA1L2lkZW50aXR5L2NsYWltcy9uYW1lIjoiYWRtaW4iLCJleHAiOjE3NTU2NTk5MzR9.jM1RtfGaWX06kBswWKaJ69eWyLgrwS1CK_uBpuOy46Y"
    },
    "root_group": {
        "id": "d41d8cd98f00b204e9800998ecf8427e",
        "groups": {},
        "checks": {
                "status 200": {
                    "fails": 0,
                    "name": "status 200",
                    "path": "::status 200",
                    "id": "fad9fa412b86fcb03bee97c80dcd61f1",
                    "passes": 7115
                }
            },
        "name": "",
        "path": ""
    }
}