{
    "root_group": {
        "path": "",
        "id": "d41d8cd98f00b204e9800998ecf8427e",
        "groups": {},
        "checks": {
                "status 200": {
                    "passes": 6773,
                    "fails": 0,
                    "name": "status 200",
                    "path": "::status 200",
                    "id": "fad9fa412b86fcb03bee97c80dcd61f1"
                }
            },
        "name": ""
    },
    "metrics": {
        "iterations": {
            "count": 6773,
            "rate": 223.95476258597577
        },
        "http_req_waiting": {
            "p(95)": 28.642875049999997,
            "avg": 13.961828525095942,
            "min": 4.733381,
            "med": 10.242710500000001,
            "max": 178.053825,
            "p(90)": 21.2393273
        },
        "data_sent": {
            "count": 3136085,
            "rate": 103697.20531883063
        },
        "http_req_duration{expected_response:true}": {
            "med": 16.5807485,
            "max": 223.053011,
            "p(90)": 33.007148699999995,
            "p(95)": 43.87756124999995,
            "avg": 21.251128417478558,
            "min": 6.30058
        },
        "http_req_sending": {
            "max": 2.669183,
            "p(90)": 0.06640799999999998,
            "p(95)": 0.08881844999999992,
            "avg": 0.037953404782993756,
            "min": 0.005228,
            "med": 0.025202500000000003
        },
        "data_received": {
            "count": 238207288,
            "rate": 7876518.031934026
        },
        "http_req_tls_handshaking": {
            "avg": 0,
            "min": 0,
            "med": 0,
            "max": 0,
            "p(90)": 0,
            "p(95)": 0
        },
        "http_req_failed": {
            "passes": 0,
            "fails": 6774,
            "value": 0
        },
        "vus": {
            "value": 50,
            "min": 50,
            "max": 50
        },
        "vus_max": {
            "min": 50,
            "max": 50,
            "value": 50
        },
        "http_req_duration": {
            "max": 223.053011,
            "p(90)": 33.007148699999995,
            "p(95)": 43.87756124999995,
            "avg": 21.251128417478558,
            "min": 6.30058,
            "med": 16.5807485
        },
        "http_req_receiving": {
            "med": 5.51478,
            "max": 71.836472,
            "p(90)": 13.5936758,
            "p(95)": 18.896545149999984,
            "avg": 7.251346487599628,
            "min": -0.065922
        },
        "http_req_connecting": {
            "avg": 0.12535145792736935,
            "min": 0,
            "med": 0,
            "max": 32.180968,
            "p(90)": 0,
            "p(95)": 0
        },
        "checks": {
            "passes": 6773,
            "fails": 0,
            "value": 1
        },
        "http_reqs": {
            "rate": 223.98782840062012,
            "count": 6774
        },
        "iteration_duration": {
            "max": 442.502768,
            "p(90)": 233.8022698,
            "p(95)": 244.9813186,
            "avg": 222.25900820212507,
            "min": 206.728466,
            "med": 217.447761
        },
        "http_req_blocked": {
            "med": 0.0083355,
            "max": 32.277438,
            "p(90)": 0.0126911,
            "p(95)": 0.015342149999999995,
            "avg": 0.13785517094774163,
            "min": 0.001996
        }
    },
    "setup_data": {
        "token": "eyJhbGciOiJIUzI1NiIsInR5cCI6IkpXVCJ9.eyJodHRwOi8vc2NoZW1hcy5taWNyb3NvZnQuY29tL3dzLzIwMDgvMDYvaWRlbnRpdHkvY2xhaW1zL3JvbGUiOiJjb25zb2xpZGF0b3IiLCJodHRwOi8vc2NoZW1hcy54bWxzb2FwLm9yZy93cy8yMDA1LzA1L2lkZW50aXR5L2NsYWltcy9uYW1lIjoiYWRtaW4iLCJleHAiOjE3NTYwNzMwODB9.nSJpHu2aB2KeI7RwwryR8zkXdg-mM-XczRuLkaovXrs"
    }
}